alpha,mesh_lambda1,exact_transfer_parameter
0.36,-0.4204338850695027,-0.42012092186024963
0.3878260869565217,-0.39753454478732353,-0.3966868546235845
0.4156521739130435,-0.37797887795696433,-0.3766749974714245
0.4434782608695652,-0.35956671924923767,-0.3579163030255499
0.47130434782608693,-0.34131466780159364,-0.3394081393652767
0.49913043478260866,-0.3227440465123934,-0.32065220719584897
0.5269565217391304,-0.3035999705028898,-0.3013796154314264
0.5547826086956522,-0.2837359314906976,-0.2814344060881809
0.5826086956521739,-0.26306228356340683,-0.2607205371710405
0.6104347826086957,-0.24152130376146683,-0.23917587207469485
0.6382608695652174,-0.21907423016304842,-0.21675853201267573
0.6660869565217391,-0.1956941062619146,-0.19343930847672797
0.6939130434782609,-0.17136162356937368,-0.1691972308430762
0.7217391304347827,-0.146062598684426,-0.14401686496141913
0.7495652173913043,-0.11978638395183193,-0.11788660542966839
0.7773913043478261,-0.09252483331686046,-0.09079756122120936
0.8052173913043479,-0.06427161018079308,-0.062742808027895
0.8330434782608696,-0.03502171247671536,-0.03371687421689673
0.8608695652173913,-0.00477113958880097,-0.003715379652938944
0.888695652173913,0.026483345898897306,0.027265223035515707
0.9165217391304348,0.05874439162973252,0.05922783705308016
0.9443478260869566,0.09201418374392445,0.0921748610827467
0.9721739130434782,0.12629454309834973,0.12610829416588115
1.0,0.16158699841486746,0.16102981549817935
