alpha,t,x,w,D
1.0,0.0,1.0,0.0,1.0
1.0,0.25,1.0,-0.1,0.945
1.0,0.8,0.945,-0.3258201058201059,0.9185449735449736
1.0,1.05,0.8680249999999999,-0.4547132859076641,0.7499076927507847
1.0,1.6,0.6509386249999999,-0.8263590096531761,0.793410247586706
1.0,1.85,0.5164613756249998,-1.1415280268520474,0.3721595852313737
1.0,2.4000000000000004,0.19220605134062463,-3.2873078758467362,0.17817303103831594
1.0,2.6500000000000004,0.03424593475126525,-18.550086731362867,-9.202547702249573
1.0,3.2,-0.3151498481566448,1.7957555637367983,1.4489388909341996
1.0,3.45,-0.4566328714661704,1.1393590750945952,1.6266474913020272
1.0,4.0,-0.7427807148164871,0.48043391772768873,1.1201084794319223
1.0,4.25,-0.8319949770244516,0.32891731162623383,1.1809045213944285
1.0,4.8,-0.9825066301456286,0.05852997906879362,1.0146324947671983
1.0,5.05,-0.9968831532699722,-0.04231410942321242,0.9767272398172332
1.0,5.6,-0.9736829307136798,-0.2633223398490762,0.934169415037731
1.0,5.85,-0.9095848138170218,-0.3818785710710093,0.7899667859109449
1.0,6.3999999999999995,-0.718541791884438,-0.7034109204105949,0.8241472698973513
1.0,6.6499999999999995,-0.5921842560887103,-0.9535014870560765,0.47557418211915803
0.85,0.0,1.0,0.0,0.8125
0.85,0.25,0.9558823529411765,-0.11764705882352942,0.7027941176470588
0.85,0.8,0.7903394056584572,-0.3873022906588876,0.7156744273352781
0.85,1.05,0.6654420018177887,-0.5573485475745364,0.46095829883400485
0.85,1.6,0.3608717801536737,-1.1868142204254406,0.5157964448936398
0.85,1.85,0.21898397795965188,-1.987156947156536,-0.3254363209360954
0.85,2.4000000000000004,-0.0838415766248707,4.427632341757354,1.9194080854393385
0.85,2.6500000000000004,-0.1893249412585396,1.7566032920883874,1.7336318106486126
0.85,3.2,-0.38614087142939324,0.518846226298031,0.9422115565745077
0.85,3.45,-0.4280310488547359,0.3297710989411425,0.9488741044176283
0.85,4.0,-0.4778206801705596,0.007912929364994404,0.8144782323412486
0.85,4.25,-0.45785240348401235,-0.10975334864962236,0.7071356582427076
0.85,4.8,-0.3808985420184387,-0.3779459270828396,0.7180135182292902
0.85,5.05,-0.32175329675654857,-0.5453285132230329,0.467569317727332
0.85,5.6,-0.17699055228350494,-1.1539627484114885,0.5240093128971279
0.85,5.85,-0.10911140904866191,-1.9069181843701097,-0.2813050014035602
0.85,6.3999999999999995,0.03611010008891562,4.943926863228557,2.0484817158071396
0.85,6.6499999999999995,0.0870245644565993,1.8432884698543306,1.7813086584198814
0.7,0.0,1.0,0.0,0.625
0.7,0.25,0.8928571428571429,-0.14285714285714288,0.45642857142857135
0.7,0.8,0.5821793002915452,-0.4817348535658395,0.5045662866085401
0.7,1.05,0.4196400681263759,-0.7395761299745705,0.1282331285139861
0.7,1.6,0.07687394112238208,-3.3998630071553944,-0.2249657517888486
0.7,1.85,-0.02470571993938339,9.302644506062965,5.651454478334633
0.7,2.4000000000000004,-0.19946178798844214,0.56635745993132,0.76658936498283
0.7,2.6500000000000004,-0.21843612198914245,0.3188938657353169,0.7103916261544242
0.7,3.2,-0.22167884558676154,-0.07412491862438149,0.6064687703439047
0.7,3.45,-0.19205899556322795,-0.21924701881723163,0.41441413965052254
0.7,4.0,-0.11370280486925521,-0.5973290370018169,0.47566774074954576
0.7,4.25,-0.07726393758435013,-0.9277130751468754,0.024757808669218617
0.7,4.8,-0.002732693976776843,-20.361556530327718,-4.4653891325819295
0.7,5.05,0.01743220283795916,2.707056370524959,2.023881003788727
0.7,5.6,0.05040100596848212,0.4013073247910231,0.7253268311977558
0.7,5.85,0.05222457421185474,0.2029415608530274,0.646617858469165
0.7,6.3999999999999995,0.048241917623333554,-0.14637551255789236,0.5884061218605269
0.7,6.6499999999999995,0.04055119951408672,-0.2983359727840141,0.3709152149687922
