scale,alpha,ratio1,ratio2,ratio3,max_deviation
harmonic,0.4,0.07831567987645364,0.09036381973143152,0.09967415856589452,0.02135847868944088
harmonic,0.45,0.12228557176881492,0.13243057280323717,0.14075182178408663,0.018466250015271704
harmonic,0.5,0.17145889444834653,0.18048164150472568,0.18802389005897052,0.016564995610623995
harmonic,0.55,0.22640975162899912,0.2346013049167586,0.24146889282479267,0.015059141195793546
harmonic,0.6,0.28738502044289366,0.2948471784217991,0.30108054170768606,0.013695521264792399
harmonic,0.65,0.3545083863183537,0.36125625329008226,0.366857663816533,0.012349277498179323
harmonic,0.7,0.42784874487556174,0.4338526156845004,0.43880078336553024,0.010952038489968507
harmonic,0.75,0.5074475675017076,0.512652408283685,0.5169109101976845,0.009463342695976928
harmonic,0.8,0.5933313393851966,0.5976667809234901,0.6011891064871571,0.007857767101960511
harmonic,0.85,0.6855177824772931,0.6889036527791134,0.6916363406094831,0.006118558132189977
harmonic,0.8999999999999999,0.7840192108324378,0.7863687904678845,0.788253449102297,0.004234238269859247
harmonic,0.95,0.8888444515622336,0.8900664867456495,0.8910411384469891,0.0021966868847554943
harmonic,1.0,1.0,1.0,1.0,0.0
square root,0.4,0.09948404668135498,0.10394758799123158,0.10539328615463818,0.005909239473283201
square root,0.45,0.14205951610017867,0.1461937367701904,0.14742125445038223,0.005361738350203565
square root,0.5,0.19015926256962207,0.194075582948334,0.1951791520592014,0.005019889489579321
square root,0.55,0.24406962018237663,0.24778324240115734,0.24879469591974102,0.004725075737364387
square root,0.6,0.30391098391906035,0.3074018330576535,0.308330428970093,0.004419445051032644
square root,0.65,0.36974326723093304,0.37297524467397675,0.37382029271053735,0.004077025479604313
square root,0.7,0.44159979507361363,0.44452845076873687,0.445284241890834,0.003684446817220355
square root,0.75,0.5195006372708868,0.5220767302072643,0.5227347632987998,0.0032341260279129536
square root,0.8,0.6034586267126316,0.6056299657328893,0.6061800674108919,0.0027214406982603023
square root,0.85,0.6934823625076844,0.6951948380767976,0.6956257740605013,0.002143411552816943
square root,0.8999999999999999,0.7895778283287747,0.790776028286102,0.7910758595224954,0.001498031193720717
square root,0.95,0.8917493193208796,0.8923769152791204,0.8925332165430223,0.000783897222142671
square root,1.0,1.0,1.0,1.0,0.0
alternating,0.4,0.03599163393821915,0.03557846919478621,0.03489007380858871,0.0011015601296304398
alternating,0.45,0.0793075332971578,0.07874904751697023,0.07779536764268828,0.0015121656544695161
alternating,0.5,0.12837238131865467,0.1277627367393237,0.1267081304630179,0.001664250855636762
alternating,0.55,0.18392848154339345,0.18330762875245563,0.18222518114804515,0.0017033003953483006
alternating,0.6,0.24628904651952563,0.24568058031843065,0.24461419746165539,0.0016748490578702424
alternating,0.65,0.3156090210243693,0.3150303795874155,0.3140125299811948,0.0015964910431744972
alternating,0.7,0.3919738174756028,0.3914397533967052,0.3904977508449083,0.0014760666306944947
alternating,0.75,0.4754343791704074,0.4749583434320948,0.4741169302836933,0.0013174488867140899
alternating,0.8,0.5660229724774366,0.5656177334531814,0.5649002663395192,0.0011227061379174286
alternating,0.85,0.6637610264654737,0.6634389720315356,0.6628680142103989,0.0008930122550748765
alternating,0.8999999999999999,0.7686633299226528,0.7684366253681454,0.7680342631813061,0.0006290667413467732
alternating,0.95,0.8807404182689461,0.8806210935142952,0.8804091149303136,0.00033130333863251593
alternating,1.0,1.0,1.0,1.0,0.0
uniform $h=1/2$,0.4,0.03999999999999985,0.03999999999999993,0.04000000000000002,1.734723475976807e-16
uniform $h=1/2$,0.45,0.07874999999999928,0.07875,0.07875,7.216449660063518e-16
uniform $h=1/2$,0.5,0.125,0.125,0.125,0.0
uniform $h=1/2$,0.55,0.17874999999999902,0.17874999999999955,0.1787500000000001,1.0824674490095276e-15
uniform $h=1/2$,0.6,0.23999999999999957,0.23999999999999974,0.23999999999999966,1.6653345369377348e-16
uniform $h=1/2$,0.65,0.3087500000000045,0.30875000000000036,0.3087499999999999,4.6074255521944e-15
uniform $h=1/2$,0.7,0.38499999999999873,0.385,0.38500000000000006,1.3322676295501878e-15
uniform $h=1/2$,0.75,0.4687499999999974,0.46875000000000067,0.4687499999999989,3.2751579226442118e-15
uniform $h=1/2$,0.8,0.5599999999999952,0.5599999999999998,0.5599999999999998,4.6629367034256575e-15
uniform $h=1/2$,0.85,0.6587499999999981,0.6587500000000001,0.65875,1.9984014443252818e-15
uniform $h=1/2$,0.8999999999999999,0.7649999999999959,0.7650000000000006,0.764999999999999,4.6629367034256575e-15
uniform $h=1/2$,0.95,0.878749999999993,0.8787499999999994,0.8787500000000017,8.659739592076221e-15
uniform $h=1/2$,1.0,1.0,1.0,1.0,0.0
