alpha,t,y_scaled_normalised
1.0,1.0,0.0
1.0,1.4142135623730951,0.41315272706966777
1.0,1.7320508075688772,0.6423860435535598
1.0,2.0,0.7854097821759005
1.0,2.23606797749979,0.8778917453654203
1.0,2.449489742783178,0.9373121624344366
1.0,2.6457513110645907,0.9736445964782169
1.0,2.8284271247461903,0.9931447809271264
1.0,3.0,1.0
1.0,3.1622776601683795,0.9971491350115125
1.0,3.3166247903554,0.9867306882517263
1.0,3.4641016151377544,0.9703455029300095
1.0,3.605551275463989,0.949219567308596
1.0,3.7416573867739413,0.924309478436326
1.0,3.872983346207417,0.8963732972475923
1.0,4.0,0.8660196262406287
1.0,4.123105625617661,0.8337424949386758
1.0,4.242640687119285,0.7999467155948001
1.0,4.358898943540674,0.7649666724705444
1.0,4.47213595499958,0.7290804834534553
1.0,4.58257569495584,0.6925208350257184
1.0,4.69041575982343,0.6554833833924117
1.0,4.795831523312719,0.6181333467714356
1.0,4.898979485566356,0.580610734240783
1.0,5.0,0.5430345336824253
1.0,5.0990195135927845,0.5055060958135749
1.0,5.196152422706632,0.4681118907554926
1.0,5.291502622129181,0.4309257701112121
1.0,5.385164807134504,0.39401083587435914
1.0,5.477225575051661,0.35742099416613743
1.0,5.5677643628300215,0.3212022544098434
1.0,5.656854249492381,0.2853938214531056
1.0,5.744562646538029,0.25002901818263434
1.0,5.830951894845301,0.21513606852555417
1.0,5.916079783099616,0.18073876480773218
1.0,6.0,0.14685703881647102
1.0,6.082762530298219,0.11350745228010478
1.0,6.164414002968976,0.08070361959914231
1.0,6.244997998398398,0.04845657337007574
1.0,6.324555320336759,0.016775081403811076
1.0,6.4031242374328485,-0.014334077542728649
1.0,6.48074069840786,-0.044865873306348336
1.0,6.557438524302,-0.07481681409400333
1.0,6.6332495807108,-0.10418476226480507
1.0,6.708203932499369,-0.13296877254794123
1.0,6.782329983125268,-0.16116894967373974
1.0,6.855654600401044,-0.18878632284917954
1.0,6.928203230275509,-0.21582273488770382
1.0,7.0,-0.24228074411999598
1.0,7.0710678118654755,-0.26816353747847044
1.0,7.14142842854285,-0.29347485337252366
1.0,7.211102550927978,-0.3182189131612761
1.0,7.280109889280518,-0.34240036019147785
1.0,7.3484692283495345,-0.36602420550520887
1.0,7.416198487095663,-0.38909577943892215
1.0,7.483314773547883,-0.41162068843543825
1.0,7.54983443527075,-0.43360477647638773
1.0,7.615773105863909,-0.45505409061650776
1.0,7.681145747868608,-0.4759748501649559
1.0,7.745966692414834,-0.49637341911393823
1.0,7.810249675906654,-0.516256281462733
1.0,7.874007874011811,-0.5356300191267145
1.0,7.937253933193772,-0.5545012921571046
1.0,8.0,-0.5728768210287198
1.0,8.06225774829855,-0.5907633707805289
1.0,8.12403840463596,-0.6081677368179716
1.0,8.18535277187245,-0.6250967322071626
1.0,8.246211251235321,-0.6415571763097203
1.0,8.306623862918075,-0.6575558846233421
1.0,8.366600265340756,-0.6730996597076999
1.0,8.426149773176359,-0.6881952830880079
1.0,8.48528137423857,-0.7028495080398977
1.0,8.54400374531753,-0.7170690531692556
1.0,8.602325267042627,-0.7308605967095541
1.0,8.660254037844387,-0.7442307714671059
1.0,8.717797887081348,-0.7571861603516964
1.0,8.774964387392123,-0.7697332924363027
1.0,8.831760866327848,-0.7818786394951958
1.0,8.888194417315589,-0.7936286129747122
1.0,8.94427190999916,-0.8049895613554436
1.0,9.0,-0.8159677678685787
1.0,9.055385138137417,-0.8265694485327281
1.0,9.1104335791443,-0.8368007504807625
1.0,9.16515138991168,-0.8466677505490918
1.0,9.219544457292887,-0.8561764541044
1.0,9.273618495495704,-0.8653327940851949
1.0,9.327379053088816,-0.8741426302376343
1.0,9.38083151964686,-0.8826117485269874
1.0,9.433981132056603,-0.8907458607078088
1.0,9.486832980505138,-0.8985506040374438
1.0,9.539392014169456,-0.9060315411188913
1.0,9.591663046625438,-0.9131941598603156
1.0,9.643650760992955,-0.9200438735396385
1.0,9.695359714832659,-0.926586020963695
1.0,9.746794344808963,-0.9328258667123694
1.0,9.797958971132712,-0.9387686014589911
1.0,9.848857801796104,-0.944419342359038
1.0,9.899494936611665,-0.9497831334999148
1.0,9.9498743710662,-0.9548649464052047
1.0,10.0,-0.9596696805873806
0.3,1.0,0.0
0.3,1.4142135623730951,0.23060016254681925
0.3,1.7320508075688772,-1.0
0.3,2.0,0.07401669606570674
0.3,2.23606797749979,0.749505532469984
0.3,2.449489742783178,0.8598513188675965
0.3,2.6457513110645907,0.6258747208026788
0.3,2.8284271247461903,0.25289844520214966
0.3,3.0,-0.12659751469223948
0.3,3.1622776601683795,-0.4414932145245605
0.3,3.3166247903554,-0.6619267906699969
0.3,3.4641016151377544,-0.7829955282278155
0.3,3.605551275463989,-0.8135440899978097
0.3,3.7416573867739413,-0.7689917684758534
0.3,3.872983346207417,-0.6669679773238398
0.3,4.0,-0.524793329816247
0.3,4.123105625617661,-0.358134631159871
0.3,4.242640687119285,-0.18038688963839433
0.3,4.358898943540674,-0.0024921966360722295
0.3,4.47213595499958,0.1669899071255886
0.3,4.58257569495584,0.3216773371038493
0.3,4.69041575982343,0.4570979414366358
0.3,4.795831523312719,0.5704032609263784
0.3,4.898979485566356,0.6600890355320223
0.3,5.0,0.7257363753166911
0.3,5.0990195135927845,0.7677803053001445
0.3,5.196152422706632,0.787307982265131
0.3,5.291502622129181,0.7858862667294608
0.3,5.385164807134504,0.7654168646014443
0.3,5.477225575051661,0.7280165076996552
0.3,5.5677643628300215,0.6759193458292914
0.3,5.656854249492381,0.6113986977401675
0.3,5.744562646538029,0.5367054395986617
0.3,5.830951894845301,0.4540205245502422
0.3,5.916079783099616,0.3654193795809488
0.3,6.0,0.2728461879375843
0.3,6.082762530298219,0.17809632006151338
0.3,6.164414002968976,0.08280541396585875
0.3,6.244997998398398,-0.01155617739906346
0.3,6.324555320336759,-0.10368466067645501
0.3,6.4031242374328485,-0.19244071677601274
0.3,6.48074069840786,-0.2768448250771178
0.3,6.557438524302,-0.3560706377660263
0.3,6.6332495807108,-0.42943693425038637
0.3,6.708203932499369,-0.496398591054734
0.3,6.782329983125268,-0.556536922241485
0.3,6.855654600401044,-0.6095496774093463
0.3,6.928203230275509,-0.6552409270399854
0.3,7.0,-0.6935110169092382
0.3,7.0710678118654755,-0.7243467331352381
0.3,7.14142842854285,-0.7478117860476987
0.3,7.211102550927978,-0.7640376934237003
0.3,7.280109889280518,-0.7732151208738174
0.3,7.3484692283495345,-0.7755857185263547
0.3,7.416198487095663,-0.7714344780009971
0.3,7.483314773547883,-0.7610826214332455
0.3,7.54983443527075,-0.7448810245354369
0.3,7.615773105863909,-0.7232041679566773
0.3,7.681145747868608,-0.6964446051907922
0.3,7.745966692414834,-0.6650079306884572
0.3,7.810249675906654,-0.6293082284115404
0.3,7.874007874011811,-0.5897639786168998
0.3,7.937253933193772,-0.5467943989986054
0.3,8.0,-0.5008161953044136
0.3,8.06225774829855,-0.45224069605078
0.3,8.12403840463596,-0.40147134588699485
0.3,8.18535277187245,-0.34890153241655814
0.3,8.246211251235321,-0.2949127218003822
0.3,8.306623862918075,-0.2398728791818365
0.3,8.366600265340756,-0.18413515083814694
0.3,8.426149773176359,-0.1280367859353077
0.3,8.48528137423857,-0.07189827681067691
0.3,8.54400374531753,-0.016022697801281682
0.3,8.602325267042627,0.03930477624572502
0.3,8.660254037844387,0.09381718951914239
0.3,8.717797887081348,0.14726597946785783
0.3,8.774964387392123,0.1994210212265459
0.3,8.831760866327848,0.2500705566962121
0.3,8.888194417315589,0.2990210216971338
0.3,8.94427190999916,0.34609678361539115
0.3,9.0,0.3911398010105907
0.3,9.055385138137417,0.43400921574401596
0.3,9.1104335791443,0.47458088732434794
0.3,9.16515138991168,0.5127468783531249
0.3,9.219544457292887,0.5484148991838961
0.3,9.273618495495704,0.581507719187204
0.3,9.327379053088816,0.6119625513370138
0.3,9.38083151964686,0.6397304162017643
0.3,9.433981132056603,0.6647754908333725
0.3,9.486832980505138,0.6870744474986037
0.3,9.539392014169456,0.7066157866874607
0.3,9.591663046625438,0.7233991683608415
0.3,9.643650760992955,0.7374347449627064
0.3,9.695359714832659,0.7487424993186271
0.3,9.746794344808963,0.7573515901708571
0.3,9.797958971132712,0.7632997077582082
0.3,9.848857801796104,0.7666324415351973
0.3,9.899494936611665,0.7674026618374142
0.3,9.9498743710662,0.7656699170371493
0.3,10.0,0.7614998474933852
