alpha,T,zeros,phase_heuristic
0.3,1.0,0,0.0
0.3,1.4142135623730951,0,0.4015099682778635
0.3,1.7320508075688772,1,0.6707298872570788
0.3,2.0,2,0.878988479298416
0.3,2.23606797749979,2,1.0511627611453742
0.3,2.449489742783178,2,1.199146722448955
0.3,2.6457513110645907,2,1.3296367602630208
0.3,2.8284271247461903,2,1.446809321864962
0.3,3.0,3,1.5534600615866756
0.3,3.1622776601683795,3,1.6515602028578484
0.3,3.3166247903554,3,1.7425562496134126
0.3,3.605551275463989,3,1.907374212649498
0.3,3.7416573867739413,3,1.982723463951815
0.3,4.0,3,2.1220659078919377
0.3,4.242640687119285,3,2.2488957263893035
0.3,4.47213595499958,4,2.3655571123717545
0.3,4.69041575982343,4,2.473770258610592
0.3,4.898979485566356,4,2.5748380374609727
0.3,5.196152422706632,4,2.7151983044708814
0.3,5.477225575051661,4,2.8443053510648406
0.3,5.830951894845301,4,3.002163888964293
0.3,6.164414002968976,4,3.146649825323503
0.3,6.48074069840786,5,3.2801407130352107
0.3,6.855654600401044,5,3.4342039789842964
0.3,7.211102550927978,5,3.576422959348039
0.3,7.615773105863909,5,3.7341336387902477
0.3,8.06225774829855,5,3.9033524653635863
0.3,8.48528137423857,5,4.059407315921063
0.3,8.94427190999916,6,4.224391430182687
0.3,9.433981132056603,6,4.395814234061023
0.3,10.0,6,4.588495706039668
0.3,10.535653752852738,6,4.765878177198176
0.3,11.090536506409418,6,4.944934983757645
0.3,11.704699910719626,7,5.13797403424636
0.3,12.36931687685298,7,5.341248300241631
0.3,13.038404810405298,7,5.54044487353449
0.3,13.784048752090222,7,5.7565017423728415
0.3,14.52583904633395,7,5.9657169377824015
0.3,15.329709716755891,8,6.186495495584609
0.3,16.186414056238647,8,6.415502393062961
0.3,17.05872210923198,8,6.642534394924947
0.3,18.0,8,6.881097253679123
0.3,19.0,9,7.127804936141912
0.3,20.049937655763422,9,7.379941868799912
0.3,21.142374511865974,9,7.6353709380376635
0.3,22.315913604421397,9,7.902514505516615
0.3,23.53720459187964,10,8.173170161671958
0.3,24.839484696748443,10,8.454146374689904
0.3,26.210684844162312,10,8.742141610349497
0.3,27.65863337187866,11,9.038191897111613
0.3,29.171904291629644,11,9.339428801552296
0.3,30.773365106858236,11,9.6498286385544
0.3,32.48076353782343,12,9.97199031316908
0.3,34.26368339802363,12,10.299486970220226
0.3,36.15245496505044,12,10.63726101381121
0.3,38.13135192987524,13,10.98181597906982
0.3,40.23679907746142,13,11.338725068549092
0.3,42.44997055358225,13,11.703966321318674
0.3,44.77722635447622,14,12.077905257112295
0.3,47.24404724407086,14,12.463806689055785
0.3,49.84977432245807,15,12.860647299378883
0.3,52.592775169218825,15,13.267342038528877
0.3,55.47972602672079,15,13.684081291754385
0.3,58.532042506647585,16,14.11306175170561
0.3,61.75759062657804,16,14.554400785803946
0.3,65.1536645170477,17,15.006787472041202
0.3,68.7386354243376,17,15.47172075186448
0.3,72.51896303726357,18,15.949037079352012
0.3,76.50490180374065,18,16.439025062433686
0.3,80.71554992688831,19,16.942963225675026
0.3,85.15867542417507,19,17.460667746916297
0.3,89.83874442577657,20,17.991575590312053
0.3,94.78396488858229,20,18.53774318321799
0.3,100.0,21,19.098593171027442
0.3,105.49881515922347,21,19.67422819586874
0.3,111.30139262381222,22,20.26561804922581
0.3,117.42657280190033,23,20.873391950226903
0.3,123.88300932734884,23,21.497110047459593
0.3,130.6981254647518,24,22.138087771133463
0.3,137.88763541376724,25,22.796413116287894
0.3,145.4750837772572,25,23.47281871886281
0.3,153.47638254793472,26,24.16727180482682
0.3,161.91973320136123,27,24.880731496997193
0.3,170.82739827088628,27,25.613538319123837
0.3,180.22208521710095,28,26.365993963403795
0.3,190.1367928624021,29,27.13912181523113
0.3,200.59661014084958,30,27.93320611927787
0.3,211.6317556511782,31,28.74883371466406
0.3,223.27337503607546,31,29.586553764560083
0.3,235.55466456854552,32,30.446956474706106
0.3,248.51156914719283,33,31.330710980537418
0.3,262.1812350264603,34,32.238449585389596
0.3,276.60441066620757,35,33.1709213019657
0.3,291.8201500924842,36,34.12864321501437
0.3,307.8717265355817,37,35.112283670955144
0.3,324.8076353782343,38,36.12269790078974
0.3,342.67477292616684,39,37.16050789172254
0.3,361.525932679801,40,38.22654575293644
0.3,381.411850890871,41,39.3213896470247
0.3,402.3928428786973,42,40.44600722453645
0.3,424.5279731654912,43,41.60114264084117
0.3,447.8805644365471,45,42.78761576005098
0.3,472.51772453528133,46,44.00628408398703
0.3,498.5097792420927,47,45.25800533171931
0.3,525.9325051753314,48,46.54373497040886
0.3,554.8630461654479,50,47.864323616046946
0.3,585.3853431714873,51,49.22076258927392
0.3,617.5856215942855,52,50.61396696882631
0.3,651.5581324793667,54,52.045017657519324
0.3,687.3994471920965,55,53.51490246729779
0.3,725.2116932317074,57,55.024648647034546
0.3,765.1045680166862,58,56.57538830213518
0.3,807.1914271100753,60,58.168191576949454
0.3,851.593799883489,62,59.80423142716462
0.3,898.4380891302417,63,61.48464604403138
0.3,947.8596942585965,65,63.21067767759101
0.3,1000.0,67,64.9835502314241
0.5,1.0,0,0.0
0.5,1.4142135623730951,0,0.2409059809667181
0.5,1.7320508075688772,0,0.40243793235424735
0.5,2.0,0,0.5273930875790496
0.5,2.23606797749979,0,0.6306976566872246
0.5,2.449489742783178,1,0.719488033469373
0.5,2.6457513110645907,1,0.7977820561578125
0.5,2.8284271247461903,1,0.8680855931189772
0.5,3.0,1,0.9320760369520055
0.5,3.1622776601683795,1,0.990936121714709
0.5,3.3166247903554,1,1.0455337497680475
0.5,3.605551275463989,1,1.1444245275896987
0.5,3.7416573867739413,1,1.189634078371089
0.5,4.0,1,1.2732395447351628
0.5,4.242640687119285,1,1.3493374358335821
0.5,4.47213595499958,1,1.4193342674230525
0.5,4.69041575982343,1,1.484262155166355
0.5,4.898979485566356,2,1.5449028224765837
0.5,5.196152422706632,2,1.6291189826825287
0.5,5.477225575051661,2,1.7065832106389043
0.5,5.830951894845301,2,1.801298333378576
0.5,6.164414002968976,2,1.8879898951941017
0.5,6.48074069840786,2,1.9680844278211265
0.5,6.855654600401044,2,2.060522387390578
0.5,7.211102550927978,2,2.1458537756088236
0.5,7.615773105863909,2,2.2404801832741486
0.5,8.06225774829855,2,2.3420114792181517
0.5,8.48528137423857,2,2.4356443895526376
0.5,8.94427190999916,3,2.534634858109612
0.5,9.433981132056603,3,2.6374885404366135
0.5,10.0,3,2.7530974236238004
0.5,10.535653752852738,3,2.859526906318906
0.5,11.090536506409418,3,2.966960990254587
0.5,11.704699910719626,3,3.0827844205478163
0.5,12.36931687685298,3,3.2047489801449784
0.5,13.038404810405298,3,3.3242669241206944
0.5,13.784048752090222,3,3.453901045423705
0.5,14.52583904633395,4,3.579430162669441
0.5,15.329709716755891,4,3.7118972973507653
0.5,16.186414056238647,4,3.8493014358377766
0.5,17.05872210923198,4,3.9855206369549685
0.5,18.0,4,4.128658352207474
0.5,19.0,4,4.276682961685147
0.5,20.049937655763422,4,4.427965121279947
0.5,21.142374511865974,5,4.581222562822598
0.5,22.315913604421397,5,4.741508703309969
0.5,23.53720459187964,5,4.903902097003176
0.5,24.839484696748443,5,5.072487824813942
0.5,26.210684844162312,5,5.245284966209699
0.5,27.65863337187866,5,5.422915138266968
0.5,29.171904291629644,6,5.603657280931378
0.5,30.773365106858236,6,5.78989718313264
0.5,32.48076353782343,6,5.983194187901448
0.5,34.26368339802363,6,6.179692182132135
0.5,36.15245496505044,6,6.3823566082867265
0.5,38.13135192987524,7,6.589089587441891
0.5,40.23679907746142,7,6.803235041129455
0.5,42.44997055358225,7,7.022379792791204
0.5,44.77722635447622,7,7.246743154267377
0.5,47.24404724407086,8,7.478284013433471
0.5,49.84977432245807,8,7.71638837962733
0.5,52.592775169218825,8,7.960405223117326
0.5,55.47972602672079,8,8.210448775052631
0.5,58.532042506647585,9,8.467837051023366
0.5,61.75759062657804,9,8.732640471482368
0.5,65.1536645170477,9,9.004072483224721
0.5,68.7386354243376,9,9.283032451118688
0.5,72.51896303726357,10,9.569422247611207
0.5,76.50490180374065,10,9.86341503746021
0.5,80.71554992688831,10,10.165777935405014
0.5,85.15867542417507,11,10.47640064814978
0.5,89.83874442577657,11,10.794945354187231
0.5,94.78396488858229,11,11.122645909930796
0.5,100.0,12,11.459155902616464
0.5,105.49881515922347,12,11.804536917521244
0.5,111.30139262381222,12,12.159370829535487
0.5,117.42657280190033,13,12.524035170136143
0.5,123.88300932734884,13,12.898266028475755
0.5,130.6981254647518,13,13.282852662680078
0.5,137.88763541376724,14,13.677847869772735
0.5,145.4750837772572,14,14.083691231317687
0.5,153.47638254793472,15,14.500363082896094
0.5,161.91973320136123,15,14.928438898198316
0.5,170.82739827088628,15,15.368122991474301
0.5,180.22208521710095,16,15.819596378042277
0.5,190.1367928624021,16,16.283473089138678
0.5,200.59661014084958,17,16.75992367156672
0.5,211.6317556511782,17,17.249300228798436
0.5,223.27337503607546,18,17.75193225873605
0.5,235.55466456854552,18,18.268173884823664
0.5,248.51156914719283,19,18.79842658832245
0.5,262.1812350264603,19,19.34306975123376
0.5,276.60441066620757,20,19.90255278117942
0.5,291.8201500924842,21,20.477185929008623
0.5,307.8717265355817,21,21.067370202573088
0.5,324.8076353782343,22,21.67361874047384
0.5,342.67477292616684,22,22.296304735033523
0.5,361.525932679801,23,22.935927451761863
0.5,381.411850890871,24,23.592833788214822
0.5,402.3928428786973,24,24.26760433472187
0.5,424.5279731654912,25,24.960685584504702
0.5,447.8805644365471,26,25.67256945603059
0.5,472.51772453528133,26,26.40377045039222
0.5,498.5097792420927,27,27.154803199031587
0.5,525.9325051753314,28,27.926240982245318
0.5,554.8630461654479,29,28.718594169628165
0.5,585.3853431714873,30,29.532457553564353
0.5,617.5856215942855,30,30.368380181295787
0.5,651.5581324793667,31,31.227010594511594
0.5,687.3994471920965,32,32.108941480378675
0.5,725.2116932317074,33,33.01478918822073
0.5,765.1045680166862,34,33.94523298128111
0.5,807.1914271100753,35,34.90091494616967
0.5,851.593799883489,36,35.88253885629877
0.5,898.4380891302417,37,36.89078762641883
0.5,947.8596942585965,38,37.9264066065546
0.5,1000.0,39,38.99013013885447
0.75,1.0,0,0.0
0.75,1.4142135623730951,0,0.1606039873111454
0.75,1.7320508075688772,0,0.26829195490283153
0.75,2.0,0,0.3515953917193664
0.75,2.23606797749979,0,0.42046510445814966
0.75,2.449489742783178,0,0.47965868897958197
0.75,2.6457513110645907,0,0.5318547041052083
0.75,2.8284271247461903,0,0.5787237287459848
0.75,3.0,0,0.6213840246346702
0.75,3.1622776601683795,0,0.6606240811431394
0.75,3.3166247903554,0,0.697022499845365
0.75,3.605551275463989,0,0.7629496850597992
0.75,3.7416573867739413,0,0.7930893855807261
0.75,4.0,0,0.8488263631567752
0.75,4.242640687119285,1,0.8995582905557215
0.75,4.47213595499958,1,0.9462228449487017
0.75,4.69041575982343,1,0.9895081034442368
0.75,4.898979485566356,1,1.0299352149843892
0.75,5.196152422706632,1,1.0860793217883526
0.75,5.477225575051661,1,1.1377221404259361
0.75,5.830951894845301,1,1.2008655555857173
0.75,6.164414002968976,1,1.258659930129401
0.75,6.48074069840786,1,1.3120562852140842
0.75,6.855654600401044,1,1.3736815915937186
0.75,7.211102550927978,1,1.4305691837392156
0.75,7.615773105863909,1,1.493653455516099
0.75,8.06225774829855,1,1.5613409861454346
0.75,8.48528137423857,1,1.623762926368425
0.75,8.94427190999916,1,1.6897565720730745
0.75,9.433981132056603,1,1.758325693624409
0.75,10.0,1,1.835398282415867
0.75,10.535653752852738,2,1.9063512708792705
0.75,11.090536506409418,2,1.977973993503058
0.75,11.704699910719626,2,2.055189613698544
0.75,12.36931687685298,2,2.1364993200966524
0.75,13.038404810405298,2,2.216177949413796
0.75,13.784048752090222,2,2.3026006969491366
0.75,14.52583904633395,2,2.3862867751129606
0.75,15.329709716755891,2,2.4745981982338434
0.75,16.186414056238647,2,2.5662009572251843
0.75,17.05872210923198,2,2.657013757969979
0.75,18.0,2,2.752438901471649
0.75,19.0,2,2.8511219744567646
0.75,20.049937655763422,3,2.9519767475199647
0.75,21.142374511865974,3,3.0541483752150653
0.75,22.315913604421397,3,3.1610058022066463
0.75,23.53720459187964,3,3.2692680646687835
0.75,24.839484696748443,3,3.3816585498759615
0.75,26.210684844162312,3,3.4968566441397995
0.75,27.65863337187866,3,3.6152767588446455
0.75,29.171904291629644,3,3.7357715206209186
0.75,30.773365106858236,4,3.8599314554217594
0.75,32.48076353782343,4,3.988796125267632
0.75,34.26368339802363,4,4.11979478808809
0.75,36.15245496505044,4,4.254904405524484
0.75,38.13135192987524,4,4.392726391627928
0.75,40.23679907746142,4,4.5354900274196375
0.75,42.44997055358225,4,4.681586528527469
0.75,44.77722635447622,4,4.831162102844918
0.75,47.24404724407086,5,4.985522675622314
0.75,49.84977432245807,5,5.144258919751553
0.75,52.592775169218825,5,5.306936815411551
0.75,55.47972602672079,5,5.473632516701754
0.75,58.532042506647585,5,5.6452247006822445
0.75,61.75759062657804,5,5.821760314321578
0.75,65.1536645170477,6,6.00271498881648
0.75,68.7386354243376,6,6.188688300745792
0.75,72.51896303726357,6,6.379614831740804
0.75,76.50490180374065,6,6.575610024973474
0.75,80.71554992688831,6,6.77718529027001
0.75,85.15867542417507,7,6.984267098766519
0.75,89.83874442577657,7,7.196630236124821
0.75,94.78396488858229,7,7.415097273287197
0.75,100.0,7,7.639437268410976
0.75,105.49881515922347,8,7.869691278347496
0.75,111.30139262381222,8,8.106247219690324
0.75,117.42657280190033,8,8.349356780090762
0.75,123.88300932734884,8,8.598844018983836
0.75,130.6981254647518,9,8.855235108453385
0.75,137.88763541376724,9,9.118565246515157
0.75,145.4750837772572,9,9.389127487545124
0.75,153.47638254793472,9,9.66690872193073
0.75,161.91973320136123,10,9.952292598798877
0.75,170.82739827088628,10,10.245415327649534
0.75,180.22208521710095,10,10.546397585361518
0.75,190.1367928624021,11,10.855648726092452
0.75,200.59661014084958,11,11.173282447711147
0.75,211.6317556511782,11,11.499533485865625
0.75,223.27337503607546,11,11.834621505824034
0.75,235.55466456854552,12,12.178782589882442
0.75,248.51156914719283,12,12.532284392214967
0.75,262.1812350264603,13,12.895379834155838
0.75,276.60441066620757,13,13.26836852078628
0.75,291.8201500924842,13,13.65145728600575
0.75,307.8717265355817,14,14.044913468382058
0.75,324.8076353782343,14,14.449079160315895
0.75,342.67477292616684,15,14.864203156689015
0.75,361.525932679801,15,15.290618301174575
0.75,381.411850890871,15,15.72855585880988
0.75,402.3928428786973,16,16.17840288981458
0.75,424.5279731654912,16,16.64045705633647
0.75,447.8805644365471,17,17.115046304020392
0.75,472.51772453528133,17,17.602513633594814
0.75,498.5097792420927,18,18.103202132687723
0.75,525.9325051753314,18,18.617493988163545
0.75,554.8630461654479,19,19.145729446418777
0.75,585.3853431714873,19,19.68830503570957
0.75,617.5856215942855,20,20.245586787530524
0.75,651.5581324793667,20,20.81800706300773
0.75,687.3994471920965,21,21.405960986919116
0.75,725.2116932317074,22,22.009859458813818
0.75,765.1045680166862,22,22.630155320854072
0.75,807.1914271100753,23,23.267276630779783
0.75,851.593799883489,24,23.92169257086585
0.75,898.4380891302417,24,24.59385841761255
0.75,947.8596942585965,25,25.2842710710364
0.75,1000.0,26,25.993420092569643
1.0,1.0,0,0.0
1.0,1.4142135623730951,0,0.12045299048335904
1.0,1.7320508075688772,0,0.20121896617712368
1.0,2.0,0,0.2636965437895248
1.0,2.23606797749979,0,0.3153488283436123
1.0,2.449489742783178,0,0.3597440167346865
1.0,2.6457513110645907,0,0.39889102807890625
1.0,2.8284271247461903,0,0.4340427965594886
1.0,3.0,0,0.46603801847600274
1.0,3.1622776601683795,0,0.4954680608573545
1.0,3.3166247903554,0,0.5227668748840237
1.0,3.605551275463989,0,0.5722122637948494
1.0,3.7416573867739413,0,0.5948170391855445
1.0,4.0,0,0.6366197723675814
1.0,4.242640687119285,0,0.6746687179167911
1.0,4.47213595499958,0,0.7096671337115262
1.0,4.69041575982343,0,0.7421310775831775
1.0,4.898979485566356,0,0.7724514112382919
1.0,5.196152422706632,0,0.8145594913412644
1.0,5.477225575051661,0,0.8532916053194521
1.0,5.830951894845301,0,0.900649166689288
1.0,6.164414002968976,0,0.9439949475970508
1.0,6.48074069840786,1,0.9840422139105632
1.0,6.855654600401044,1,1.030261193695289
1.0,7.211102550927978,1,1.0729268878044118
1.0,7.615773105863909,1,1.1202400916370743
1.0,8.06225774829855,1,1.1710057396090758
1.0,8.48528137423857,1,1.2178221947763188
1.0,8.94427190999916,1,1.267317429054806
1.0,9.433981132056603,1,1.3187442702183068
1.0,10.0,1,1.3765487118119002
1.0,10.535653752852738,1,1.429763453159453
1.0,11.090536506409418,1,1.4834804951272935
1.0,11.704699910719626,1,1.5413922102739082
1.0,12.36931687685298,1,1.6023744900724892
1.0,13.038404810405298,1,1.6621334620603472
1.0,13.784048752090222,1,1.7269505227118525
1.0,14.52583904633395,1,1.7897150813347205
1.0,15.329709716755891,1,1.8559486486753827
1.0,16.186414056238647,1,1.9246507179188883
1.0,17.05872210923198,2,1.9927603184774842
1.0,18.0,2,2.064329176103737
1.0,19.0,2,2.1383414808425734
1.0,20.049937655763422,2,2.2139825606399737
1.0,21.142374511865974,2,2.290611281411299
1.0,22.315913604421397,2,2.3707543516549845
1.0,23.53720459187964,2,2.451951048501588
1.0,24.839484696748443,2,2.536243912406971
1.0,26.210684844162312,2,2.6226424831048494
1.0,27.65863337187866,2,2.711457569133484
1.0,29.171904291629644,2,2.801828640465689
1.0,30.773365106858236,2,2.89494859156632
1.0,32.48076353782343,3,2.991597093950724
1.0,34.26368339802363,3,3.0898460910660677
1.0,36.15245496505044,3,3.1911783041433632
1.0,38.13135192987524,3,3.2945447937209456
1.0,40.23679907746142,3,3.4016175205647277
1.0,42.44997055358225,3,3.511189896395602
1.0,44.77722635447622,3,3.6233715771336885
1.0,47.24404724407086,3,3.7391420067167354
1.0,49.84977432245807,3,3.858194189813665
1.0,52.592775169218825,3,3.980202611558663
1.0,55.47972602672079,4,4.105224387526316
1.0,58.532042506647585,4,4.233918525511683
1.0,61.75759062657804,4,4.366320235741184
1.0,65.1536645170477,4,4.502036241612361
1.0,68.7386354243376,4,4.641516225559344
1.0,72.51896303726357,4,4.784711123805604
1.0,76.50490180374065,4,4.931707518730105
1.0,80.71554992688831,5,5.082888967702507
1.0,85.15867542417507,5,5.23820032407489
1.0,89.83874442577657,5,5.3974726770936154
1.0,94.78396488858229,5,5.561322954965398
1.0,100.0,5,5.729577951308232
1.0,105.49881515922347,5,5.902268458760622
1.0,111.30139262381222,6,6.079685414767743
1.0,117.42657280190033,6,6.2620175850680715
1.0,123.88300932734884,6,6.449133014237877
1.0,130.6981254647518,6,6.641426331340039
1.0,137.88763541376724,6,6.838923934886368
1.0,145.4750837772572,7,7.041845615658843
1.0,153.47638254793472,7,7.250181541448047
1.0,161.91973320136123,7,7.464219449099158
1.0,170.82739827088628,7,7.684061495737151
1.0,180.22208521710095,7,7.909798189021139
1.0,190.1367928624021,8,8.141736544569339
1.0,200.59661014084958,8,8.37996183578336
1.0,211.6317556511782,8,8.624650114399218
1.0,223.27337503607546,8,8.875966129368026
1.0,235.55466456854552,9,9.134086942411832
1.0,248.51156914719283,9,9.399213294161225
1.0,262.1812350264603,9,9.67153487561688
1.0,276.60441066620757,9,9.95127639058971
1.0,291.8201500924842,10,10.238592964504312
1.0,307.8717265355817,10,10.533685101286544
1.0,324.8076353782343,10,10.83680937023692
1.0,342.67477292616684,11,11.148152367516762
1.0,361.525932679801,11,11.467963725880931
1.0,381.411850890871,11,11.796416894107411
1.0,402.3928428786973,12,12.133802167360935
1.0,424.5279731654912,12,12.480342792252351
1.0,447.8805644365471,12,12.836284728015295
1.0,472.51772453528133,13,13.20188522519611
1.0,498.5097792420927,13,13.577401599515794
1.0,525.9325051753314,13,13.963120491122659
1.0,554.8630461654479,14,14.359297084814083
1.0,585.3853431714873,14,14.766228776782176
1.0,617.5856215942855,15,15.184190090647894
1.0,651.5581324793667,15,15.613505297255797
1.0,687.3994471920965,16,16.054470740189338
1.0,725.2116932317074,16,16.507394594110366
1.0,765.1045680166862,16,16.972616490640554
1.0,807.1914271100753,17,17.450457473084835
1.0,851.593799883489,17,17.941269428149386
1.0,898.4380891302417,18,18.445393813209414
1.0,947.8596942585965,18,18.9632033032773
1.0,1000.0,19,19.495065069427234
