alpha,m,error_max_state,order
0.7,25,0.01178714731038305,
0.7,50,0.005839570672652394,1.0132803932310266
0.7,100,0.002906457216614755,1.006600633454231
0.7,200,0.001449917628661146,1.0032907305366163
0.7,400,0.0007241336685960831,1.0016430059528263
0.8,25,0.006498321971705662,
0.8,50,0.003235225041599038,1.0062011572212357
0.8,100,0.0016141386449699258,1.0031015663677227
0.8,200,0.0008062020614111043,1.001551125723086
0.8,400,0.00040288436303489994,1.0007756601643858
0.9,25,0.003924816957505101,
0.9,50,0.0019589972365902097,1.002510009802359
0.9,100,0.0009786395148270177,1.0012659213071637
0.9,200,0.0004891041774036098,1.0006357494030178
0.9,400,0.0002444980921506301,1.0003185789923879
