scale,alpha,lambda1,product
harmonic15,0.6,0.4620123451036823,8.416968384631911
harmonic15,0.8,0.953864620746074,8.55931997590966
harmonic15,1.0,1.607642403879185,8.639768761450041
sqrt25,0.6,0.18028827352476978,9.304455840886366
sqrt25,0.8,0.35798809424612404,9.428319037007489
sqrt25,1.0,0.5932272377913967,9.491635804662348
alternating17,0.6,0.05900394943664056,9.805007176558936
alternating17,0.8,0.135603232543222,9.810599084866144
alternating17,1.0,0.23957195933178768,9.812867454230023
half_uniform,0.6,0.06542241352498886,9.81336202874833
half_uniform,0.8,0.15265229822497295,9.81336202874826
half_uniform,1.0,0.27259338968745406,9.813362028748346
integer,0.6,0.011746436089163155,9.788696740969298
integer,0.8,0.046985744356652585,9.788696740969286
integer,1.0,0.09788696740969284,9.788696740969284
pulse_exact,0.6,0.20264452478884842,10.132226239442423
pulse_exact,0.8,0.38192309734349494,9.889080199072637
pulse_exact,1.0,0.6110298154981794,9.77647704797087
