scale,alpha,mode,eigenvalue
harmonic15,0.6,1,0.11621492326980155
harmonic15,0.6,2,1.6116325937786802
harmonic15,0.6,3,5.146290052516836
harmonic15,0.8,1,0.8663046707002702
harmonic15,0.8,2,3.61975549788226
harmonic15,0.8,3,9.338621191372797
harmonic15,1.0,1,1.616007723595802
harmonic15,1.0,2,6.219045409588827
harmonic15,1.0,3,14.715953680303581
sqrt25,0.6,1,-0.4553840990444305
sqrt25,0.6,2,0.021835817157125695
sqrt25,0.6,3,0.6988614990076577
sqrt25,0.8,1,0.015655897811848212
sqrt25,0.8,2,1.0240208920562592
sqrt25,0.8,3,2.546023013098192
sqrt25,1.0,1,0.3806681346863417
sqrt25,1.0,2,2.0808073665205473
sqrt25,1.0,3,4.735631186276871
alternating17,0.6,1,-2.15980096354965
alternating17,0.6,2,-2.0901359684610266
alternating17,0.6,3,-0.5017986546896063
alternating17,0.8,1,-1.3456413334208115
alternating17,0.8,2,-0.9229111933368666
alternating17,0.8,3,0.5479039478019997
alternating17,1.0,1,-0.8302594715916198
alternating17,1.0,2,0.04024311025823993
alternating17,1.0,3,1.5967764998930072
